t,ball_x,ball_z,ball_vx,ball_vz,ee_x,ee_z
0,1.0,2.5,-1.8,2.0,0.0,0.5
0.004166666666666667,0.9925046134059087,2.508157894826768,-1.7988927825819239,1.9578947584243598,0.0,0.5
0.008333333333333333,0.9850137975336254,2.5161405024311088,-1.797795809347985,1.91582582504175,1.249000902703301e-16,0.4474140070091053
0.0125,0.9775275101753075,2.523947971712651,-1.7967089659963038,1.873792627570102,2.7755575615628914e-17,0.42462146129228706
0.016666666666666666,0.9700457096094811,2.5315804492061997,-1.7956321357983167,1.831794598451686,-5.551115123125783e-17,0.4211922556917536
0.020833333333333332,0.9625683546116113,2.5390380791019367,-1.794565199488752,1.7898311749768612,8.326672684688674e-17,0.43194511326204654
0.024999999999999998,0.9550954044651406,2.546321003266178,-1.7935080351529475,1.7479017994179038,1.6653345369377348e-16,0.4541548165367468
0.029166666666666664,0.9476268189730087,2.553429361262734,-1.7924605181116626,1.7060059191734356,1.3877787807814457e-16,0.48640232470827854
0.03333333333333333,0.9401625584696606,2.560363290374917,-1.7914225208035657,1.6641429869239905,1.1102230246251565e-16,0.5280437337399223
0.0375,0.9327025838335538,2.5671229256282473,-1.7903939126656228,1.6223124607992643,1.3877787807814457e-16,0.5789161242963146
0.041666666666666664,0.9252468565001718,2.573708399813904,-1.7893745600116588,1.5805138045575982,6.938893903907228e-17,0.6391474655540681
0.04583333333333333,0.9177953384755493,2.58011984351298,-1.7883643259094115,1.5387464877782502,1.6653345369377348e-16,0.709023861780088
0.049999999999999996,0.910347992350314,2.586357385121593,-1.7873630700564547,1.497009986067003,1.5265566588595902e-16,0.7888892973186504
0.05416666666666666,0.9029047813142498,2.592421150876908,-1.7863706486554287,1.4553037812756477,1.942890293094024e-16,0.879071937576221
0.05833333333333333,0.8954656691713786,2.598311264884141,-1.7853869142890775,1.413627361735868,1.5265566588595902e-16,0.9798312130826564
0.06249999999999999,0.8880306203555633,2.6040278491445914,-1.7844117157956665,1.3719802225080198,0.0,1.0908785271605765
0.06666666666666667,0.8805995999466241,2.60957102358478,-1.7834448981454256,1.3303618656452731,2.220446049250313e-16,1.2103541143543133
0.07083333333333333,0.8731725736869627,2.6149409060867534,-1.7824863023187454,1.2887718004735327,1.942890293094024e-16,1.336045049251189
0.075,0.8657495079986838,2.620137612519618,-1.781535765186932,1.2472095438874986,2.7755575615628914e-16,1.4647761246853848
0.07916666666666666,0.8583303700011987,2.625161256772381,-1.7805931193964193,1.2056746206631623,2.7755575615628914e-16,1.592318092582087
0.08333333333333333,0.8509151275292928,2.63001195078816,-1.7796581932574194,1.1641665637869407,8.326672684688674e-17,1.7133624617472596
0.0875,0.8435037491516341,2.634689804599833,-1.7787308106380848,1.1226849148015587,3.0531133177191805e-16,1.821592483408069
0.09166666666666666,0.8360962041896951,2.6391949263672023,-1.7778107908653473,1.081229224168668,3.608224830031759e-16,1.9015182647093698
0.09583333333333333,0.8286924627370548,2.643527422415736,-1.7768979486336802,1.0397990516480573,2.7755575615628914e-16,1.954858347233034
0.09999999999999999,0.8212924956790417,2.6476873972769575,-1.7759920939231226,0.9983939666931544,2.7755575615628914e-16,1.9848532610523686
0.10416666666666666,0.8138962747126751,2.6516749537305504,-1.7750930319279725,0.9570135488623475,3.0531133177191805e-16,1.997429222790508
0.10833333333333332,0.8065037723668517,2.65549019284824,-1.7742005629976316,0.9156573882454601,3.608224830031759e-16,1.9991002872273886
0.11249999999999999,0.7991149620227219,2.6591332140395085,-1.7733144825911373,0.874325085904503,2.7755575615628914e-16,1.9951340837115672
0.11666666666666665,0.791729817934193,2.662604115099207,-1.7724345812469606,0.8330162543275959,3.3306690738754696e-16,1.977777339688844
0.12083333333333332,0.784348315248486,2.665902992257102,-1.7715606445696728,0.7917305178947049,3.608224830031759e-16,1.9513672674150084
0.12499999999999999,0.7769704300266732,2.669029940229408,-1.7706924532350836,0.750467513353583,3.0531133177191805e-16,1.9194276132441754
0.12916666666666665,0.7695961392641089,2.671985052272342,-1.7698297830154353,0.7092268903040235,3.3306690738754696e-16,1.8849431599003195
0.13333333333333333,0.7622254209106665,2.6747684202377098,-1.7689724048261786,0.6680083116882625,3.3306690738754696e-16,1.850387178104595
0.1375,0.7548582538906841,2.6773801346305643,-1.7681200847957823,0.6268114542850776,3.0531133177191805e-16,1.8177656699448663
0.1416666666666667,0.7474946181225178,2.679820284668918,-1.7672725843599044,0.5856360092048548,3.3306690738754696e-16,1.7886686206339217
0.14583333333333337,0.7401344945375966,2.6820889583455125,-1.7664296603811036,0.5444816823826223,1.6653345369377348e-16,1.7643216865435645
0.15000000000000005,0.7327778650988671,2.68418624249162,-1.7655910652950797,0.503348195065795,2.498001805406602e-16,1.7456338513533765
0.15416666666666673,0.7254247128185163,2.6861122228428416,-1.7647565472842024,0.4622352842931468,2.7755575615628914e-16,1.7332380065967916
0.1583333333333334,0.7180750217748545,2.687866984106847,-1.7639258504788253,0.42114270336132603,3.0531133177191805e-16,1.727522422626803
0.1625000000000001,0.7107287771282438,2.6894506100329933,-1.763098715186584,0.3800702222750743,1.942890293094024e-16,1.7286518324184694
0.16666666666666677,0.703385965135954,2.6908631834837315,-1.7622748781495452,0.33901762817720066,1.942890293094024e-16,1.7365773303705478
0.17083333333333345,0.6960465731658343,2.692104786507708,-1.7614540728287225,0.2979847257543092,3.0531133177191805e-16,1.7510308734914275
0.17500000000000013,0.688710589708688,2.693175500414434,-1.7606360297150956,0.25697133761428925,2.498001805406602e-16,1.771512042017204
0.1791666666666668,0.6813780043892468,2.6940754058503993,-1.7598204766658898,0.21597730463165526,3.608224830031759e-16,1.7972684789360482
0.1833333333333335,0.6740488079756448,2.69480458287647,-1.7590071392644775,0.17500248625697312,3.3306690738754696e-16,1.8273291654788821
0.18750000000000017,0.6667229923873036,2.695363111046415,-1.7581957412018865,0.1340467607868327,2.220446049250313e-16,1.8602731990201353
0.19166666666666685,0.6594005507011472,2.695751069486378,-1.7573860046775343,0.09311002559112234,3.3306690738754696e-16,1.894426359057166
0.19583333333333353,0.6520814771560786,2.695968536975106,-1.75657765081647,0.05219219729472643,3.0531133177191805e-16,1.9277513392987262
0.2000000000000002,0.6447657671556615,2.696015592024736,-1.7557704001001102,0.011293211911196713,3.0531133177191805e-16,1.9578345718219923
0.20416666666666689,0.6374534172689648,2.6958923129619294,-1.7549639728071975,-0.029586975073564677,2.7755575615628914e-16,1.9818921959219165
0.20833333333333356,0.6301444252295417,2.695598778009142,-1.7541580894615256,-0.07044838866904012,2.7755575615628914e-16,1.9968038580642862
0.21250000000000024,0.62283878993253,2.695135065365808,-1.7533524712828272,-0.11129103440011033,2.7755575615628914e-16,1.9991837041001694
0.21666666666666692,0.6155365114298751,2.6945012532892263,-1.7525468406371654,-0.15211489837961895,3.0531133177191805e-16,1.98549789234056
0.2208333333333336,0.6082375909236952,2.6936974201749213,-1.7517409214831645,-0.19291994743316182,3.0531133177191805e-16,1.9522368406597654
0.22500000000000028,0.6009420307578182,2.6927236446362746,-1.7509344398104882,-0.23370612927518514,3.885780586188048e-16,1.8962005755436602
0.22916666666666696,0.5936498344075385,2.6915800055832126,-1.7501271240671108,-0.2744733727349071,2.7755575615628914e-16,1.8151190586572827
0.23333333333333364,0.5863610064676547,2.690266582299754,-1.7493187055721264,-0.31522158803004285,2.498001805406602e-16,1.720583380194752
0.23750000000000032,0.5790755526388585,2.68878345452023,-1.7485089189110967,-0.3559506670858248,3.0531133177191805e-16,1.6184662705259194
0.241666666666667,0.5717934797125617,2.6871307025039948,-1.7476975023112398,-0.39666048389637704,2.498001805406602e-16,1.5135788102604169
0.24583333333333368,0.5645147955542529,2.685308407108473,-1.7468841979941059,-0.4373508949251376,2.498001805406602e-16,1.409801357079076
0.25000000000000033,0.5572395090854873,2.683316649860387,-1.7460687525037528,-0.4780217395407234,2.498001805406602e-16,1.3101654740244064
0.254166666666667,0.5499676302646171,2.6811555130250353,-1.745250917008823,-0.5186728404844096,1.942890293094024e-16,1.2169344976243832
0.25833333333333364,0.5426991700663784,2.6788250796735134,-1.7444304475773185,-0.5593040043652466,1.6653345369377348e-16,1.1317096220504148
0.2625000000000003,0.5354341404604481,2.6763254337477687,-1.7436071054232578,-0.599915022178758,1.942890293094024e-16,1.055546845059293
0.26666666666666694,0.5281725543890948,2.673656660123414,-1.7427806571247864,-0.6405056698451589,1.5265566588595902e-16,0.9890741144731543
0.2708333333333336,0.5209144257440379,2.6708188446702343,-1.741950874813662,-0.6810757087630861,1.5265566588595902e-16,0.9326014079701338
0.27500000000000024,0.5136597693426364,2.667812074310339,-1.7411175363363796,-0.7216248863749458,1.249000902703301e-16,0.886219191971007
0.2791666666666669,0.5064086009035218,2.6646364370739217,-1.7402804253874946,-0.7621529367401477,1.249000902703301e-16,0.8498827458904146
0.28333333333333355,0.49916093702178854,2.661292022152619,-1.7394393316159786,-0.8026595811126964,1.8041124150158794e-16,0.8234812679835883
0.2875000000000002,0.4919167951438483,2.6577789199504527,-1.7385940507056616,-0.843144528519849,1.6653345369377348e-16,0.8068915879661127
0.29166666666666685,0.4846761935420524,2.6540972221323744,-1.737744384431015,-0.8836074763388091,1.3877787807814457e-16,0.8000167993361722
0.2958333333333335,0.47743915128917874,2.6502470216704217,-1.7368901406896742,-0.9240481108687049,9.71445146547012e-17,0.802810290727314
0.30000000000000016,0.4702056882328736,2.6462284128875244,-1.7360311335132241,-0.9644661078953872,1.6653345369377348e-16,0.8152851890723721
0.3041666666666668,0.4629758249701326,2.6420414914989956,-1.7351671830578435,-1.0048611332468742,9.71445146547012e-17,0.8375033528081991
0.30833333333333346,0.45574958282189737,2.637686354651756,-1.7342981155764576,-1.0452328433375557,6.938893903907228e-17,0.8695546141849402
0.3125000000000001,0.44852698380783873,2.633163100961341,-1.733423763374069,-1.0855808856995506,1.3877787807814457e-16,0.9115242084666269
0.31666666666666676,0.44130805062138906,2.6284718305467583,-1.7325439647479264,-1.125904899499877,9.71445146547012e-17,0.9634459564381004
0.3208333333333334,0.43409280660508004,2.6236126450632486,-1.7316585639141662,-1.1662045160423513,1.942890293094024e-16,1.0252414861517996
0.32500000000000007,0.42688127572623624,2.6185856477330263,-1.730767410922516,-1.2064793592533605,1.942890293094024e-16,1.0966463095728054
0.3291666666666667,0.41967348255306713,2.613390943374064,-1.729870361560584,-1.2467290461508762,1.942890293094024e-16,1.1771244306202737
0.33333333333333337,0.4124694522311955,2.608028638426996,-1.728967277249187,-1.2869531872962705,1.942890293094024e-16,1.2657744025873838
0.3375,0.4052692104606535,2.60249884098021,-1.7280580249300892,-1.327151387228671,3.3306690738754696e-16,1.3612313972580687
0.3416666666666667,0.39807278347337255,2.596801660793203,-1.7271424769474277,-1.367323244881751,2.498001805406602e-16,1.4615718767463304
0.3458333333333333,0.3908801980111891,2.5909372093182736,-1.7262205109240205,-1.407468353982985,2.220446049250313e-16,1.564229796856111
0.35,0.38369148130438224,2.5849055997206256,-1.725292009633646,-1.4475863034355234,1.942890293094024e-16,1.665935767321439
0.35416666666666663,0.37650666105075603,2.5787069468969466,-1.7243568608702973,-1.4876766776829324,8.326672684688674e-17,1.7626930056555785
0.3583333333333333,0.36932576539527556,2.572341367492542,-1.7234149573153181,-1.5277390570571405,3.885780586188048e-16,1.8498058928230934
0.36249999999999993,0.36214882291026207,2.5658089799170836,-1.7224661964032382,-1.5677730181099958,3.0531133177191805e-16,1.9219779936339974
0.3666666666666666,0.3549758625761494,2.5591099043590466,-1.721510480187039,-1.6077781339288977,3.0531133177191805e-16,1.9686742881619745
0.37083333333333324,0.3478069137628015,2.5522442627988924,-1.720547715203499,-1.6477539744370078,3.3306690738754696e-16,1.993259219103763
0.3749999999999999,0.3406420062113882,2.545212179021065,-1.71957781233919,-1.6877001066785837,3.3306690738754696e-16,1.9999579431473273
0.37916666666666654,0.33348117001681477,2.5380137786248564,-1.7186006866976224,-1.727616095089996,3.3306690738754696e-16,1.9923249036715172
0.3833333333333332,0.32632443561069824,2.5306491890342024,-1.7176162574679708,-1.7675015017570086,3.0531133177191805e-16,1.9740397553410072
0.38749999999999984,0.3191718337448826,2.523118539506457,-1.7166244477957502,-1.8073558866589126,3.608224830031759e-16,1.9484798078253576
0.3916666666666665,0.31202339547548363,2.5154219611402064,-1.7156251846557558,-1.8471788079000966,2.7755575615628914e-16,1.9186436645015754
0.39583333333333315,0.30487915214745226,2.507559586882166,-1.7146183987275254,-1.8869698219296456,4.163336342344337e-16,1.8871185752404047
0.3999999999999998,0.29773913537964586,2.4995315515332095,-1.7136040242735402,-1.9267284837495426,3.3306690738754696e-16,1.856079094723738
0.40416666666666645,0.29060337705039446,2.491337991753576,-1.7125819990203355,-1.9664543471120424,3.608224830031759e-16,1.8273062931730042
0.4083333333333331,0.28347190928355004,2.482979046067298,-1.7115522640426561,-2.006146964706768,3.0531133177191805e-16,1.8022186438918357
0.41249999999999976,0.2763447644350052,2.4744548548658893,-1.7105147636507563,-2.045805888338071,4.163336342344337e-16,1.7819075595910185
0.4166666666666664,0.26922197507966805,2.4657655604113344,-1.7094694452809172,-2.0854306690931694,3.0531133177191805e-16,1.7671722242048953
0.42083333333333306,0.2621035739988796,2.4569113068384114,-1.7084162593892251,-2.125020857501565,3.608224830031759e-16,1.7585498057220446
0.4249999999999997,0.2549895941682603,2.4478922401563854,-1.707355159348636,-2.1645760036862227,1.942890293094024e-16,1.756338330690232
0.42916666666666636,0.24788006874597143,2.4387085082501065,-1.706286101349324,-2.2040956575069646,3.3306690738754696e-16,1.7606104812915582
0.433333333333333,0.24077503106137849,2.4293602608805376,-1.7052090443023051,-2.2435793686965217,3.3306690738754696e-16,1.7712160005723967
0.43749999999999967,0.2336745146041022,2.419847649684747,-1.7041239497463037,-2.2830266869896576,3.3306690738754696e-16,1.7877710211771007
0.4416666666666663,0.22657855301344462,2.41017082817539,-1.70303078175782,-2.3224371622457607,2.7755575615628914e-16,1.8096431578138483
0.44583333333333297,0.2194871800681765,2.4003299517397014,-1.7019295068643514,-2.361810344565284,3.608224830031759e-16,1.8359298671335536
0.4499999999999996,0.21240042967667358,2.390325177638033,-1.7008200939606992,-2.401145784400382,3.0531133177191805e-16,1.8654320168018768
0.4541666666666663,0.20531833586738898,2.3801566650019494,-1.699702514228303,-2.4404430326600877,3.0531133177191805e-16,1.8966260204831533
0.4583333333333329,0.19824093277964933,2.3698245748319064,-1.6985767410575214,-2.4797016408103425,3.0531133177191805e-16,1.9276390412284734
0.4624999999999996,0.19116825465476273,2.359329069994535,-1.6974427499727858,-2.518921160969183,3.3306690738754696e-16,1.9562329965212373
0.46666666666666623,0.1841003358274271,2.348670315219546,-1.6963005185605466,-2.5581011459973624,2.7755575615628914e-16,1.9798043433994852
0.4708333333333329,0.1770372107174274,2.3378484770962764,-1.6951500263999268,-2.597241149584675,3.885780586188048e-16,1.995407755053572
0.47499999999999953,0.16997891382161073,2.326863724069892,-1.6939912549959983,-2.6363407263322345,3.3306690738754696e-16,1.9998126277899864
0.4791666666666662,0.16292547970612908,2.315716226437263,-1.6928241877155967,-2.6753994318309386,3.885780586188048e-16,1.9896016121414748
0.48333333333333284,0.15587694299893914,2.304406156342528,-1.6916488097255882,-2.7144168227363408,4.163336342344337e-16,1.961319703775078
0.4874999999999995,0.14883333838254956,2.292933687772361,-1.6904651079335005,-2.753392456840137,3.3306690738754696e-16,1.9117273884211148
0.49166666666666614,0.14179470058700608,2.2812989965509507,-1.6892730709304367,-2.792325893138463,3.3306690738754696e-16,1.8379449469237101
0.4958333333333328,0.1347610643831053,2.2695022603347126,-1.6880726889361843,-2.831216691897179,3.608224830031759e-16,1.7518599420565135
0.49999999999999944,0.12773246457582849,2.2575436586067363,-1.6868639537464392,-2.8700644147143186,3.608224830031759e-16,1.6578832373910737
0.5041666666666661,0.12070893599798656,2.245423372670987,-1.6856468586820617,-2.9088686245798585,2.220446049250313e-16,1.5609383632880611
0.5083333333333327,0.1136905135040687,2.2331415856462664,-1.6844213985402872,-2.9476288859329585,2.498001805406602e-16,1.4647330032985133
0.5124999999999994,0.10667723196428615,2.2206984824599463,-1.6831875695478127,-2.986344764716812,2.498001805406602e-16,1.3721918896519616
0.516666666666666,0.09966912625880413,2.2080942498414826,-1.6819453693156843,-3.025015828431242,8.326672684688674e-17,1.285530450225758
0.5208333333333327,0.0926662312721545,2.1953290763157196,-1.6806947967959123,-3.0636416461831586,1.942890293094024e-16,1.2063516620475634
0.5249999999999994,0.08566858188782223,2.1824031521959903,-1.679435852239745,-3.1022217887349997,1.942890293094024e-16,1.1357527369577345
0.529166666666666,0.07867621298299919,2.169316669577027,-1.67816853715753,-3.1407558285512587,8.326672684688674e-17,1.0744318851588202
0.5333333333333327,0.0716891594234988,2.15606982232768,-1.6768928542800972,-3.179243339843202,0.0,1.0227884640426184
0.5374999999999993,0.06470745605882544,2.142662806083464,-1.6756088075216036,-3.2176838986118685,9.71445146547012e-17,0.9810122562229391
0.541666666666666,0.05773113771739306,2.1290958182389246,-1.6743164019437715,-3.2560770826894414,1.249000902703301e-16,0.9491594454797061
0.5458333333333326,0.05076023920188695,2.115369057939845,-1.6730156437214678,-3.294422471779075,1.6653345369377348e-16,0.9272141328395724
0.5499999999999993,0.04379479528476377,2.10148272607529,-1.671706540109562,-3.33271964749325,1.6653345369377348e-16,0.9151350419748934
0.5541666666666659,0.036834840703884555,2.0874370252694954,-1.670389099411012,-3.370968193390739,1.942890293094024e-16,0.9128874974649973
0.5583333333333326,0.029880410158275715,2.073232159873611,-1.669063330946122,-3.4091676950122354,1.249000902703301e-16,0.9204609157407713
0.5624999999999992,0.022931538304013524,2.0588683359572997,-1.667729245022926,-3.4473177399147246,1.6653345369377348e-16,0.937869083916034
0.5666666666666659,0.01598825975022751,2.044345761300197,-1.6663868529086439,-3.4854179177046465,1.3877787807814457e-16,0.9651324712431315
0.5708333333333325,0.00905060905521848,2.029664645383239,-1.665036166802167,-3.5234678200699094,2.220446049250313e-16,1.002252707302523
0.5749999999999992,0.0021186207226871123,2.0148251993798607,-1.6636771998075284,-3.5614670408108067,0.0,1.0491732152818616
0.5791666666666658,-0.0048076708019308655,1.9998276361470695,-1.6623099659083147,-3.599415175869884,2.498001805406602e-16,1.1057261482909957
0.5833333333333325,-0.011728231135026607,1.9846721702163994,-1.6609344799429782,-3.6373118233608057,2.220446049250313e-16,1.1715665142798417
0.5874999999999991,-0.018643025958280823,1.9693590177847484,-1.6595507575810118,-3.6751565835962596,2.498001805406602e-16,1.2460951426182951
0.5916666666666658,-0.025552021022030615,1.9538883967051028,-1.65815881529995,-3.7129490591149437,5.551115123125783e-17,1.3283732529142693
0.5958333333333324,-0.032455182148543774,1.9382605264771542,-1.6567586703631574,-3.7506888547076693,2.7755575615628914e-16,1.417032861820362
0.5999999999999991,-0.03935247523520367,1.92247562823781,-1.655350340798374,-3.7883755774426224,2.7755575615628914e-17,1.5101890975819448
0.6041666666666657,-0.04624386625760777,1.9065339247516024,-1.653933845376984,-3.826008836689807,1.1102230246251565e-16,1.6053626248495922
0.6083333333333324,-0.053129321272582665,1.8904356404009994,-1.6525092035939755,-3.86358824414471,3.3306690738754696e-16,1.6994226855737997
0.612499999999999,-0.060008806421118346,1.8741810011766193,-1.651076435648563,-3.901113413851212,3.608224830031759e-16,1.78856352124734
0.6166666666666657,-0.06688228793122437,1.8577702346673537,-1.6496355624254455,-3.9385839622237775,3.3306690738754696e-16,1.8683288399990756
0.6208333333333323,-0.0737497321207105,1.8412035700503997,-1.6481866054766696,-3.975999508068939,3.885780586188048e-16,1.9279209725576487
0.624999999999999,-0.08061110539989415,1.8244812380812077,-1.6467295870040757,-4.013359672606115,3.608224830031759e-16,1.9671999836319722
0.6291666666666657,-0.08746637427423706,1.807603471083342,-1.6452645298422999,-4.0506640794877695,3.608224830031759e-16,1.990060621894255
0.6333333333333323,-0.09431550534691335,1.790570502938263,-1.6437914574423107,-4.087912354818945,2.7755575615628914e-16,1.9993559516953467
0.637499999999999,-0.10115846532131108,1.773382569075029,-1.642310393855455,-4.125104127176188,3.3306690738754696e-16,1.9982650190399407
0.6416666666666656,-0.1079952210034694,1.756039906459921,-1.6408213637179947,-4.162239027625878,3.3306690738754696e-16,1.9897385906159566
0.6458333333333323,-0.1148257393044532,1.738542753585996,-1.6393243922361111,-4.19931668974199,3.608224830031759e-16,1.9764226209466895
0.6499999999999989,-0.12164998724266719,1.7208913504625656,-1.637819505171361,-4.236336749623298,3.608224830031759e-16,1.9606189241755994
0.6541666666666656,-0.1284679319461112,1.703085938604607,-1.636306728826562,-4.273298845910039,3.3306690738754696e-16,1.94427269240986
0.6583333333333322,-0.13527954065457826,1.6851267610221068,-1.634786090032091,-4.310202619800055,3.608224830031759e-16,1.928977804566666
0.6624999999999989,-0.14208478072179734,1.6670140622093383,-1.6332576161325802,-4.347047715064423,3.3306690738754696e-16,1.91599238971168
0.6666666666666655,-0.1488836196175223,1.6487480881340775,-1.6317213349739925,-4.383833778062587,3.3306690738754696e-16,1.9062586407074584
0.6708333333333322,-0.1556760249295684,1.6303290862267565,-1.630177274891061,-4.420560457757011,3.3306690738754696e-16,1.9004223014093298
0.6749999999999988,-0.16246196436579788,1.6117573053695593,-1.628625464695079,-4.457227405727356,3.3306690738754696e-16,1.8988485240009054
0.6791666666666655,-0.1692414057560563,1.5930329958854585,-1.627065933662026,-4.493834276184197,3.3306690738754696e-16,1.9016319093719454
0.6833333333333321,-0.17601431705406054,1.574156409527199,-1.625498711521015,-4.53038072598229,3.885780586188048e-16,1.908598661955375
0.6874999999999988,-0.18278066633923992,1.5551277994662265,-1.623923828443052,-4.566866414633403,3.0531133177191805e-16,1.9192996280533672
0.6916666666666654,-0.18954042181853195,1.5359474202815653,-1.6223413150300878,-4.603291004318714,3.608224830031759e-16,1.9330008428239507
0.6958333333333321,-0.19629355182813346,1.5166155279486453,-1.6207512023043613,-4.639654159900788,3.3306690738754696e-16,1.948670662979047
0.6999999999999987,-0.20304002483520853,1.4971323798280822,-1.6191535216980129,-4.675955548935145,3.885780586188048e-16,1.9649658340869696
0.7041666666666654,-0.2097798094395542,1.4774982346544097,-1.6175483050429635,-4.712194841681426,3.0531133177191805e-16,1.9802202127577075
0.708333333333332,-0.21651287437522523,1.4577133525247674,-1.615935584561047,-4.748371711114155,3.3306690738754696e-16,1.9924409821992812
0.7124999999999987,-0.22323918851211852,1.437777994887546,-1.614315392854386,-4.784485832933123,3.0531133177191805e-16,1.9993182983377134
0.7166666666666653,-0.22995872085751853,1.4176924245309903,-1.6126877628960028,-4.820536885573386,3.608224830031759e-16,1.9982552818337547
0.720833333333332,-0.23667144055760458,1.3974569055717616,-1.611052728020655,-4.856524550214892,3.885780586188048e-16,1.986425971063055
0.7249999999999986,-0.24337731689892078,1.3770717034434627,-1.6094103219158897,-4.892448510791734,3.885780586188048e-16,1.9608690513604923
0.7291666666666653,-0.25007631930980956,1.356537084885125,-1.6077605786133058,-4.928308454001054,3.3306690738754696e-16,1.9186245923130636
0.733333333333332,-0.2567684173618096,1.3358533179296601,-1.6061035324800175,-4.964104069311576,3.3306690738754696e-16,1.856975570557548
0.7374999999999986,-0.26345358077101927,1.3150206718922777,-1.6044392182103124,-4.999835048971804,2.498001805406602e-16,1.786695578075748
0.7416666666666653,-0.2701317793994255,1.2940394173588698,-1.6027676708174963,-5.035501088017869,2.7755575615628914e-16,1.7110779128939864
0.7458333333333319,-0.2768029832562002,1.2729098261743654,-1.6010889256259169,-5.071101884281036,0.0,1.6341461474405827
0.7499999999999986,-0.28346716249896337,1.2516321714310534,-1.5994030182631631,-5.106637138394878,1.1102230246251565e-16,1.5588366235826236
0.7541666666666652,-0.29012428743501517,1.230206727456878,-1.59770998465243,-5.142106553802129,2.498001805406602e-16,1.4874774673443736
0.7583333333333319,-0.2967743285225362,1.2086337698037064,-1.5960098610050466,-5.1775098367612,-5.551115123125783e-17,1.4218578304522849
0.7624999999999985,-0.3034172563717577,1.1869135752355715,-1.5943026838131578,-5.2128466963523845,1.6653345369377348e-16,1.363308795988444
0.7666666666666652,-0.3100530417461017,1.1650464217168892,-1.5925884898425589,-5.2481168444837465,5.551115123125783e-17,1.3127869186827659
0.7708333333333318,-0.31668165556329203,1.143032588400653,-1.5908673161256734,-5.283319995896694,0.0,1.2709539355621837
0.7749999999999985,-0.3233030688964365,1.120872355616606,-1.5891391999546725,-5.318455868171248,1.942890293094024e-16,1.2382482581124623
0.7791666666666651,-0.32991725297508123,1.0985660048593935,-1.587404178874729,-5.353524181731011,1.6653345369377348e-16,1.2149454433612985
0.7833333333333318,-0.33652417918623706,1.076113818776694,-1.5856622906774036,-5.388524659847829,1.1102230246251565e-16,1.201205983374605
0.7874999999999984,-0.34312381907537937,1.053516081157335,-1.5839135733941558,-5.4234570286461645,2.220446049250313e-16,1.1971095202811899
0.7916666666666651,-0.34971614434742093,1.0307730769193884,-1.58215806528998,-5.458321017107173,1.6653345369377348e-16,1.2026750686191314
0.7958333333333317,-0.3563011268676591,1.007885092098253,-1.5803958048571578,-5.493116357072494,1.1102230246251565e-16,1.2178654916626315
0.7999999999999984,-0.3628787386626971,0.9848524138347207,-1.5786268308091262,-5.52784278324775,1.1102230246251565e-16,1.2425723383063214
0.804166666666665,-0.36944895192134064,0.96167533036303,-1.5768511820744566,-5.562500033205774,2.498001805406602e-16,1.2765933463890788
0.8083333333333317,-0.3760117389954696,0.9383541309989069,-1.5750688977909413,-5.597087847389549,0.0,1.3195976903821536
0.8124999999999983,-0.38256707240088533,0.9148891061275949,-1.5732800172997847,-5.631605969114873,0.0,1.3710790906746082
0.816666666666665,-0.3891149248181349,0.8912805471918751,-1.5714845801398953,-5.666054144572757,2.498001805406602e-16,1.430298429649941
0.8208333333333316,-0.39565526909331106,0.867528746680077,-1.5696826260422754,-5.700432122831544,2.7755575615628914e-16,1.496218419936294
0.8249999999999983,-0.40218807823882985,0.8436339981140821,-1.5678741949245059,-5.734739655838771,2.498001805406602e-16,1.5674340499484392
0.8291666666666649,-0.40871332543418537,0.8195965960373206,-1.5660593268853236,-5.7689764984227585,2.498001805406602e-16,1.6421039981150582
0.8333333333333316,-0.4152309840266824,0.7954168360027625,-1.5642380621992884,-5.803142408293944,1.1102230246251565e-16,1.7178899256322278
0.8374999999999982,-0.42174102753214715,0.7710950145609043,-1.5624104413115363,-5.837237146045954,3.608224830031759e-16,1.7919124381844191
0.8416666666666649,-0.4282434296356164,0.7466314292477526,-1.560576504832618,-5.871260475156425,2.498001805406602e-16,1.860734388447837
0.8458333333333315,-0.43473816419200567,0.7220263785728044,-1.5587362935334186,-5.905212161987562,1.942890293094024e-16,1.9195090771192185
0.8499999999999982,-0.44122520522675635,0.6972801620070275,-1.5568898483401583,-5.939091975786458,3.608224830031759e-16,1.9594931329665823
0.8541666666666649,-0.44770452693646245,0.6723930799708393,-1.5550372103294698,-5.9728996886851595,3.0531133177191805e-16,1.9844376234826422
0.8583333333333315,-0.45417610368947725,0.6473654338220873,-1.553178420723551,-6.0066350757004825,3.3306690738754696e-16,1.996945753042183
0.8624999999999982,-0.46063991002649973,0.6221975258440307,-1.551313520885392,-6.040297914733595,3.3306690738754696e-16,1.9999508192385966
0.8666666666666648,-0.4670959206611417,0.596889659233325,-1.549442552314074,-6.073887986569355,3.608224830031759e-16,1.996158630124811
0.8708333333333315,-0.4735441104804756,0.5714421380880108,-1.547565556640136,-6.107405074875405,3.608224830031759e-16,1.9879812883031678
0.8749999999999981,-0.47998445454556316,0.5458552673955065,-1.545682575621012,-6.140848966201044,3.885780586188048e-16,1.9775030854556617
0.8791666666666648,-0.48641692809196535,0.5201293530206071,-1.5437936511365324,-6.174219449975849,3.608224830031759e-16,1.9664691927538778
0.8833333333333314,-0.49284150653023406,0.4942647016934901,-1.5418988251844914,-6.207516318508087,3.885780586188048e-16,1.95628909715243
0.8874999999999981,-0.49925816544638524,0.46826162099772817,-1.5399981398762768,-6.240739366982876,3.0531133177191805e-16,1.9480481560260852
0.8916666666666647,-0.5056668806023542,0.4421204193583109,-1.5380916374325608,-6.2738883934601395,3.0531133177191805e-16,1.9425220579601787
0.8958333333333314,-0.5120676279364336,0.41584140602967623,-1.536179360179053,-6.306963198872327,3.608224830031759e-16,1.9401902978281296
0.899999999999998,-0.5184603835636932,0.3894248910837516,-1.5342613505423093,-6.339963587021915,3.608224830031759e-16,1.9412459679939524
0.9041666666666647,-0.5248451237763831,0.3628711853980071,-1.5323376510456002,-6.372889364578686,3.3306690738754696e-16,1.9456000815221057
0.9083333333333313,-0.5312218250443199,0.33618060064352046,-1.5304083043048344,-6.405740341076803,3.0531133177191805e-16,1.9528779518737478
0.912499999999998,-0.5375904640152555,0.30935344927305525,-1.528473353024538,-6.438516328911652,3.0531133177191805e-16,1.9624127256451693
0.9166666666666646,-0.54395101751523,0.2823900445091532,-1.526532839993886,-6.471217143336486,3.3306690738754696e-16,1.9732368957364659
0.9208333333333313,-0.5503034625489083,0.2552907003322413,-1.5245868080827878,-6.503842602458853,3.608224830031759e-16,1.9840733638591044
0.9249999999999979,-0.5566477762999,0.22805573146875457,-1.5226353002380235,-6.536392527236819,3.3306690738754696e-16,1.9933295110846139
0.9291666666666646,-0.5629839361310643,0.20068545337927549,-1.5206783594794304,-6.56886674147498,3.3306690738754696e-16,1.9990988251844435
0.9333333333333312,-0.5693119195847982,0.173180182246691,-1.5187160288961397,-6.60126507182028,3.0531133177191805e-16,1.9991756835923236
0.9374999999999979,-0.5756317043833101,0.14554023496436758,-1.5167483516428604,-6.6335873477576195,3.608224830031759e-16,1.9910898043291745
0.9416666666666645,-0.5819432684288777,0.11776592912434562,-1.5147753709362122,-6.665833401605269,3.885780586188048e-16,1.9721675040575088
0.9458333333333312,-0.5882465898040906,0.08985758300555359,-1.5127971300511036,-6.698003068510087,3.885780586188048e-16,1.9396270331058432
0.9499999999999978,-0.5945416467720788,0.06181551556204301,-1.510813672317157,-6.730096186442539,3.0531133177191805e-16,1.8907292420742654
0.9541666666666645,-0.5990321974896785,0.06206947431708068,-1.0777321722239361,0.06095010120904032,3.0531133177191805e-16,1.8229620260412283
0.9583333333333311,-0.603517877214932,0.06230311637171483,-1.0765631340608335,0.05607409311219597,1.6653345369377348e-16,1.7482765741225577
0.9624999999999978,-0.607998695837804,0.06251806706197723,-1.075396469489272,0.05158816566297611,3.0531133177191805e-16,1.669750843037372
0.9666666666666645,-0.6124746631971169,0.06271582169701846,-1.074232166235087,0.04746111240989529,3.3306690738754696e-16,1.5911959725503113
0.9708333333333311,-0.6169457890840342,0.06289775596125614,-1.0730702128601726,0.04366422341704313,2.7755575615628914e-16,1.5153276916269363
0.9749999999999978,-0.6214120832450286,0.06306513548435562,-1.0719105986386743,0.040171085543873816,1.942890293094024e-16,1.4442671802970515
0.9791666666666644,-0.6258735553844125,0.0632191246456061,-1.0707533134521248,0.036957398700115614,2.7755575615628914e-16,1.3796181131735161
0.9833333333333311,-0.6303302151664977,0.0633607946739578,-1.0695983477004476,0.03400080680440951,8.326672684688674e-17,1.3225517189738214
0.9874999999999977,-0.6347820722174421,0.063491131100041,-1.0684456922266723,0.03128074225996556,1.6653345369377348e-16,1.2738917243973167
0.9916666666666644,-0.6392291361268296,0.06361104061203712,-1.067295338253022,0.028778282879069535,1.942890293094024e-16,1.2341934887062438
0.995833333333331,-0.6436714164490247,0.06372135736307409,-1.0661472773268272,0.026476020248871822,1.942890293094024e-16,1.2038135650804416
0.9999999999999977,-0.648108922704336,0.06382284877402859,-1.065001501274694,0.024357938629079534,2.498001805406602e-16,1.1829673663171107
1.0041666666666644,-0.6525416643800178,0.06391622087210683,-1.0638580021636532,0.022409303538775786,3.0531133177191805e-16,1.1717736225509132
1.008333333333331,-0.6569696509311356,0.06400212320233897,-1.062716772268255,0.020616559255715858,2.7755575615628914e-17,1.1702849735626892
1.0124999999999977,-0.6613928917813134,0.06408115334615129,-1.061577804042698,0.018967234514954606,2.220446049250313e-16,1.178504422463073
1.0166666666666644,-0.6658113963233849,0.06415386107845955,-1.060441090097166,0.017449855753982113,1.942890293094024e-16,1.1963841007483698
1.020833333333331,-0.6702251739199594,0.06422075219218246,-1.0593066231778652,0.016053867293496733,1.3877787807814457e-16,1.223807363738999
1.0249999999999977,-0.6746342339039177,0.06428229201680837,-1.0581743961499945,0.014769557910219049,0.0,1.260563242549391
1.0291666666666643,-0.6790385855788487,0.06433890865546474,-1.0570444019834133,0.013587993277530123,1.942890293094024e-16,1.3063079416382655
1.033333333333331,-0.6834382382194338,0.06439099596302686,-1.0559166337404327,0.012500953814907755,3.885780586188048e-16,1.360514345222051
1.0374999999999976,-0.6878332010717898,0.06443891628598411,-1.054791084565435,0.011500877509739084,2.498001805406602e-16,1.4224113083552599
1.0416666666666643,-0.6922234833537737,0.06448300298310548,-1.0536677476761367,0.010580807309130191,2.7755575615628914e-16,1.4909154662002688
1.045833333333331,-0.6966090942552576,0.06452356274445856,-1.052546616356143,0.009734342724736791,2.220446049250313e-16,1.564559544000776
1.0499999999999976,-0.700990042938377,0.06456087772490225,-1.051427683948632,0.008955595306487936,2.7755575615628914e-16,1.6414226905266072
1.0541666666666643,-0.705366338537756,0.06459520750691063,-1.0503109438509588,0.008239147682008272,2.498001805406602e-16,1.719070144948982
1.058333333333331,-0.7097379901607148,0.06462679090635634,-1.0491963895101284,0.0075800158669717885,3.608224830031759e-16,1.7945114777802718
1.0624999999999976,-0.71410500688746,0.06465584763384825,-1.0480840144188497,0.006973614598058439,3.0531133177191805e-16,1.8641885420600892
1.0666666666666642,-0.7184673977712613,0.06468257982314166,-1.0469738121123253,0.006415725430415353,2.220446049250313e-16,1.9205574080756
1.0708333333333309,-0.7228251718386172,0.06470717343728959,-1.0458657761653944,0.0059024673955017926,3.608224830031759e-16,1.9590844858107357
1.0749999999999975,-0.7271783380894092,0.06472979956230691,-1.0447599001900902,0.005430270004159403,3.3306690738754696e-16,1.983448084033932
1.0791666666666642,-0.7315269054970496,0.06475061559732215,-1.0436561778336795,0.004995848403655356,3.3306690738754696e-16,1.9961482523790708
1.0833333333333308,-0.7358708830086197,0.06476976634953717,-1.042554602776831,0.004596180531605515,3.608224830031759e-16,1.9999928157045175
1.0874999999999975,-0.7402102795450037,0.06478738504157472,-1.041455168732168,0.004228486089011434,3.608224830031759e-16,1.9975539810316691
1.0916666666666641,-0.744545104001016,0.0648035942382497,-1.0403578694429543,0.0038902072019962736,3.885780586188048e-16,1.9911097639377784
1.0958333333333308,-0.7488753652455243,0.06481850669919115,-1.0392626986819973,0.0035789906259468887,3.3306690738754696e-16,1.982614470463192
1.0999999999999974,-0.753201072121569,0.06483222616325614,-1.0381696502507094,0.0032926713755966758,3.885780586188048e-16,1.9736894767898905
1.104166666666664,-0.7575222334464783,0.06484484807019554,-1.03707871797824,0.0030292576654559894,3.608224830031759e-16,1.9656268200500624
1.1083333333333307,-0.7618388580119816,0.06485646022457997,-1.035989895720789,0.0027869170522639153,3.3306690738754696e-16,1.9593995013546817
1.1124999999999974,-0.766150954584319,0.06486714340661395,-1.0349031773609927,0.0025639636881558264,3.0531133177191805e-16,1.9556737663155348
1.116666666666664,-0.7704585319043497,0.06487697193408462,-1.0338185568073597,0.002358846592961407,3.0531133177191805e-16,1.9548198984417495
1.1208333333333307,-0.7747615986876571,0.06488601417935756,-1.0327360279938111,0.00217013886550612,3.3306690738754696e-16,1.9569192165895408
1.1249999999999973,-0.779060163624654,0.06489433304500977,-1.031655584879237,0.0019965277565298922,3.0531133177191805e-16,1.961765311335352
1.129166666666664,-0.7833542353806838,0.06490198640141001,-1.0305772214471502,0.0018368055360584792,3.608224830031759e-16,1.9688592340025286
1.1333333333333306,-0.7876438225961228,0.06490902748929725,-1.0295009317053476,0.0016898610929370408,3.3306690738754696e-16,1.9774034771247488
1.1374999999999973,-0.7919289338864794,0.06491550529015448,-1.0284267096855986,0.0015546722057345058,3.608224830031759e-16,1.986294761176267
1.141666666666664,-0.7962095778424936,0.06492146486694257,-1.0273545494433873,0.0014302984291399423,3.885780586188048e-16,1.9941183467665844
1.1458333333333306,-0.8004857630302339,0.06492694767758815,-1.026284445057669,0.0013158745549392836,3.608224830031759e-16,1.9991477987299673
1.1499999999999972,-0.804757497991195,0.06493199186338103,-1.0252163906306588,0.0012106045902893423,3.885780586188048e-16,1.9993551908215819
1.154166666666664,-0.8090247912423932,0.06493663251431249,-1.0241503802875864,0.0011137562235521911,3.608224830031759e-16,1.9924377079639974
1.1583333333333306,-0.8132876512764623,0.06494090191316766,-1.0230864081765827,0.0010246557252399369,3.0531133177191805e-16,1.97586735498332
1.1624999999999972,-0.8175460865617473,0.06494482976011545,-1.0220244684684165,0.0009426832674701707,3.0531133177191805e-16,1.9469708386445364
1.1666666666666639,-0.821800105542399,0.06494844337930668,-1.0209645553564055,0.000867268605895595,3.608224830031759e-16,1.9030464174013262
1.1708333333333305,-0.8260497166384666,0.06495176790896304,-1.0199066630562101,0.000797887117525202,3.608224830031759e-16,1.8415812731948549
1.1749999999999972,-0.8302949282459904,0.06495482647624641,-1.0188507858057172,0.0007340561480079916,1.6653345369377348e-16,1.7737870412020502
1.1791666666666638,-0.834535748737094,0.06495764035814712,-1.0177969178648774,0.0006753316561695366,2.498001805406602e-16,1.702478615284463
1.1833333333333305,-0.8387721864600757,0.06496022912949526,-1.0167450535155949,0.0006213051235535658,2.498001805406602e-16,1.6312630752406647
1.1874999999999971,-0.843004249739499,0.06496261079913673,-1.0156951870615725,0.0005716007139541582,1.6653345369377348e-16,1.5626991016997174
1.1916666666666638,-0.8472319468762832,0.06496480193520596,-1.0146473128282245,0.0005258726566131633,1.942890293094024e-16,1.4987988149681413
1.1958333333333304,-0.8514552861477936,0.0649668177803902,-1.0136014251625116,0.0004838028442215869,2.220446049250313e-16,1.4410988989520397
1.199999999999997,-0.8556742758079305,0.06496867235796022,-1.0125575184328617,0.00044509861680246815,5.551115123125783e-17,1.3907379398206734
1.2041666666666637,-0.8598889240872182,0.06497037856932346,-1.0115155870290453,0.0004094907271762552,2.498001805406602e-16,1.3485327042545747
1.2083333333333304,-0.8640992391928934,0.06497194828377703,-1.0104756253620508,0.0003767314688571388,2.220446049250313e-16,1.3150482510389119
1.212499999999997,-0.8683052293089933,0.0649733924210745,-1.009437627863981,0.0003465929513926727,1.942890293094024e-16,1.2906584738733602
1.2166666666666637,-0.8725069025964431,0.06497472102738816,-1.008401588987958,0.0003188655152781203,1.3877787807814457e-16,1.2755949402166533
1.2208333333333303,-0.8767042671931431,0.06497594334519789,-1.007367503207996,0.0002933562743362497,-5.551115123125783e-17,1.269982779639084
1.224999999999997,-0.8808973312140553,0.0649770678775819,-1.0063353650189422,0.00026988777216183785,2.498001805406602e-16,1.2738629608502623
1.2291666666666636,-0.88508610275129,0.06497810244737581,-1.0053051689363115,0.000248296750538779,1.6653345369377348e-16,1.2871998693847058
1.2333333333333303,-0.8892705898741909,0.06497905425158694,-1.0042769094962323,0.00022843301066972216,5.551115123125783e-17,1.3098687522243544
1.237499999999997,-0.8934508006294215,0.06497992991146152,-1.003250581255333,0.00021015836989853043,0.0,1.3416351119625296
1.2416666666666636,-0.8976267430410492,0.06498073551854575,-1.0022261787906446,0.0001933457002125799,1.1102230246251565e-16,1.3821229297240003
1.2458333333333302,-0.9017984251106305,0.06498147667706329,-1.0012036966994988,0.00017787804421164066,1.942890293094024e-16,1.430771103661269
1.249999999999997,-0.9059658548172947,0.06498215854289825,-1.0001831295994357,0.00016364780039072185,2.498001805406602e-16,1.4867798309906015
1.2541666666666635,-0.9101290401178285,0.06498278585946707,-0.9991644721280843,0.00015055597651556646,2.7755575615628914e-17,1.549049563247274
1.2583333333333302,-0.9142879889467581,0.06498336299070931,-0.9981477189431244,0.0001385114981368174,-5.551115123125783e-17,1.6161163259424254
1.2624999999999968,-0.9184427092164336,0.06498389395145425,-0.9971328647221055,0.00012743057878474018,2.498001805406602e-16,1.6860886206152172
1.2666666666666635,-0.9225932088171105,0.0649843824353381,-0.9961199041624661,0.00011723613212476225,2.7755575615628914e-17,1.756592783854557
1.2708333333333302,-0.9267394956170326,0.06498483184051251,-0.9951088319813207,0.0001078572418562046,1.6653345369377348e-16,1.8247354736755959
1.2749999999999968,-0.9308815774625138,0.06498524529326995,-0.99409964291548,9.922866178362771e-05,2.498001805406602e-16,1.8870937279092073
1.2791666666666635,-0.935019462178019,0.06498562566980724,-0.9930923317212541,9.129036895121068e-05,3.885780586188048e-16,1.9322615108184853
1.28333333333333,-0.9391531575662457,0.06498597561622352,-0.9920868931744115,8.398713990658002e-05,3.3306690738754696e-16,1.963771312094473
1.2874999999999968,-0.9432826714082045,0.06498629756692667,-0.9910833220701211,7.726816875761738e-05,3.0531133177191805e-16,1.9837968250661049
1.2916666666666634,-0.9474080114632996,0.06498659376157354,-0.9900816132228115,7.108671524642951e-05,3.608224830031759e-16,1.9949141853648975
1.29583333333333,-0.9515291854694085,0.06498686626064686,-0.9890817614661229,6.539977759584259e-05,3.608224830031759e-16,1.999493135563059
1.2999999999999967,-0.9556462011429616,0.06498711695979448,-0.9880837616527474,6.016779542825784e-05,3.608224830031759e-16,1.9996361824058728
1.3041666666666634,-0.9597590661790216,0.06498734760301131,-0.9870876086544098,5.535437204091248e-05,3.885780586188048e-16,1.9971447377288285
1.30833333333333,-0.9638677882513623,0.0649875597947716,-0.9860932973617623,5.092602246862393e-05,3.608224830031759e-16,1.9935042841516648
1.3124999999999967,-0.967972375012547,0.06498775501118906,-0.9851008226843047,4.685194019057176e-05,3.608224830031759e-16,1.9898817450672295
1.3166666666666633,-0.9720728340940064,0.06498793461029345,-0.9841101795502541,4.310378505308077e-05,3.3306690738754696e-16,1.9871295104688786
1.32083333333333,-0.9761691731061168,0.06498809984146894,-0.9831213629065122,3.965548211649905e-05,3.608224830031759e-16,1.985791848017564
1.3249999999999966,-0.9802613996382774,0.06498825185415177,-0.9821343677185362,3.6483043877696963e-05,3.3306690738754696e-16,1.9861106479513042
1.3291666666666633,-0.984349521258987,0.06498839170582002,-0.9811491889702922,3.3564400379611226e-05,3.0531133177191805e-16,1.9880285635768282
1.33333333333333,-0.988433545515921,0.0649885203693535,-0.9801658216641534,3.087924803509001e-05,3.608224830031759e-16,1.9911878984815339
1.3374999999999966,-0.9925134799360076,0.06498863873980666,-0.9791842608207832,2.8408908759255946e-05,3.3306690738754696e-16,1.9949279460035954
1.3416666666666632,-0.9965893320255039,0.06498874764062167,-0.9782045014791347,2.613619559983099e-05,3.885780586188048e-16,1.9982824840859226
1.3458333333333299,-1.0006611092700717,0.06498884782937127,-0.9772265386962752,2.4045299903172057e-05,3.3306690738754696e-16,1.9999792318715155
1.3499999999999965,-1.0047288191348522,0.06498894000302112,-0.9762503675473502,2.2121675963507337e-05,3.3306690738754696e-16,1.9984446864535492
1.3541666666666632,-1.0087924690645418,0.064989024802779,-0.9752759831254959,2.03519418909906e-05,3.608224830031759e-16,1.9918187904129685
1.3583333333333298,-1.0128520664834657,0.06498910281855677,-0.9743033805417478,1.872378666581409e-05,3.0531133177191805e-16,1.977984808004881
1.3624999999999965,-1.0169076187956532,0.06498917459307275,-0.9733325549249787,1.7225883835972344e-05,3.3306690738754696e-16,1.954620500035973
1.3666666666666631,-1.0209591333849106,0.06498924062562779,-0.9723635014217993,1.584781320986689e-05,3.885780586188048e-16,1.9192770240545933
1.3708333333333298,-1.025006617614896,0.06498930137557779,-0.9713962151964842,1.457998800113297e-05,3.0531133177191805e-16,1.8695456753600581
1.3749999999999964,-1.0290500788291914,0.06498935726553083,-0.9704306914308978,1.3413588730061543e-05,2.498001805406602e-16,1.8154288877333538
1.379166666666663,-1.0330895243513762,0.06498940868428923,-0.9694669253243724,1.2340502016851274e-05,2.7755575615628914e-16,1.7591631396684124
1.3833333333333298,-1.0371249614851,0.06498945598954724,-0.9685049120937013,1.1353261919623547e-05,3.0531133177191805e-16,1.7038150704291568
1.3874999999999964,-1.041156397514154,0.06498949951038438,-0.9675446469730076,1.0445000915813851e-05,2.498001805406602e-16,1.6515229324984442
1.391666666666663,-1.0451838397025444,0.0649895395495537,-0.9665861252136895,9.609400634172371e-06,8.326672684688674e-17,1.6039777963842634
1.3958333333333297,-1.0492072952945624,0.06498957638558904,-0.9656293420843188,8.840648484109703e-06,1.942890293094024e-16,1.5624831173784246
1.3999999999999964,-1.0532267715148564,0.06498961027474243,-0.9646742928705733,8.133396814359595e-06,1.942890293094024e-16,1.5280157551855635
1.404166666666663,-1.057242275568503,0.0649896414527641,-0.9637209728751696,7.482725201367335e-06,2.220446049250313e-16,1.5012831074588608
1.4083333333333297,-1.061253814641077,0.06498967013654497,-0.9627693774177852,6.884107408434981e-06,1.942890293094024e-16,1.482772624142104
1.4124999999999963,-1.0652613958987227,0.06498969652562271,-0.9618195018349741,6.3333786574776285e-06,2.220446049250313e-16,1.4727912099701939
1.416666666666663,-1.069265026488223,0.06498972080357268,-0.960871341480108,5.8267079938584265e-06,1.6653345369377348e-16,1.4714929438488393
1.4208333333333296,-1.07326471353707,0.06498974313928606,-0.9599248917232583,5.360571208798404e-06,2.220446049250313e-16,1.4788942120162525
1.4249999999999963,-1.0772604641535333,0.06498976368814424,-0.9589801479511412,4.9317259657108425e-06,2.498001805406602e-16,1.4948727139416167
1.429166666666663,-1.0812522854267295,0.06498978259309394,-0.958037105567081,4.537187929552766e-06,2.498001805406602e-16,1.5191515131262954
1.4333333333333296,-1.0852401844266915,0.0649897999856463,-0.9570957599909021,4.174212564621305e-06,2.498001805406602e-16,1.5512766324473413
1.4374999999999962,-1.0892241682044366,0.06498981598679389,-0.9561561066588458,3.8402754205454914e-06,2.220446049250313e-16,1.590584012002577
1.4416666666666629,-1.0932042437920344,0.06498983070785022,-0.955218141023498,3.5330535201397173e-06,2.7755575615628914e-16,1.6361575471439678
1.4458333333333295,-1.097180418202675,0.06498984425122385,-0.9542818585537359,3.250409671834431e-06,2.7755575615628914e-16,1.6867809247846461
1.4499999999999962,-1.101152698430736,0.06498985671112481,-0.9533472547346755,2.9903762291949576e-06,2.498001805406602e-16,1.7408870809944026
1.4541666666666628,-1.1051210914518508,0.06498986817423447,-0.9524143250675217,2.75114631585055e-06,1.942890293094024e-16,1.796510413417515
1.4583333333333295,-1.109085604222974,0.06498987872029584,-0.9514830650695718,2.531054729942861e-06,2.7755575615628914e-16,1.8512483626717144
1.4624999999999961,-1.1130462436824493,0.06498988842267256,-0.9505534702741001,2.328570412719888e-06,1.942890293094024e-16,1.9022405399723508
1.4666666666666628,-1.1170030167500757,0.06498989734885927,-0.9496255362303195,2.1422848110325132e-06,3.608224830031759e-16,1.9390719232761067
1.4708333333333294,-1.1209559303271728,0.06498990556095083,-0.9486992585032927,1.9709019734304167e-06,3.608224830031759e-16,1.9650343864084014
1.474999999999996,-1.1249049912966471,0.06498991311607417,-0.9477746326738554,1.8132296029579886e-06,3.885780586188048e-16,1.9820152127496178
1.4791666666666627,-1.1288502065230577,0.06498992006678873,-0.9468516543385475,1.6681714931007785e-06,3.3306690738754696e-16,1.992200951636603
1.4833333333333294,-1.132791582852681,0.06498992646144486,-0.9459303191095668,1.5347174700669486e-06,3.3306690738754696e-16,1.9975325985816879
1.487499999999996,-1.1367291271135753,0.06498993234453031,-0.9450106226146511,1.4119405063739432e-06,3.885780586188048e-16,1.999668147242625
1.4916666666666627,-1.1406628461156465,0.06498993775696855,-0.9440925604970809,1.298985178095624e-06,3.3306690738754696e-16,1.9999631992407907
1.4958333333333294,-1.1445927466507113,0.06498994273641057,-0.9431761284155493,1.1950660816911762e-06,3.0531133177191805e-16,1.9994633897142107
1.499999999999996,-1.1485188354925617,0.06498994731749731,-0.9422613220441165,1.099460819824205e-06,3.885780586188048e-16,1.9989035709975942
1.5041666666666627,-1.152441119397029,0.06498995153209709,-0.9413481370721271,1.0115039461647268e-06,3.3306690738754696e-16,1.9987099122927212
1.5083333333333293,-1.1563596051020464,0.06498995540952973,-0.9404365692041725,9.305838322912208e-07,3.608224830031759e-16,1.9990022592516574
1.512499999999996,-1.160274299327713,0.06498995897676786,-0.9395266141599972,8.561371522969319e-07,3.608224830031759e-16,1.9995951808973182
1.5166666666666626,-1.1641852087763567,0.06498996225862622,-0.9386182676744595,7.87646006077114e-07,2.7755575615628914e-16,1.9999976274186544
1.5208333333333293,-1.1680923401325958,0.06498996527793688,-0.9377115254974108,7.246345598635462e-07,2.7755575615628914e-16,1.9994132993635652
1.524999999999996,-1.171995700063403,0.06498996805570187,-0.936806383393709,6.666635991789405e-07,3.608224830031759e-16,1.99674335436802
1.5291666666666626,-1.1758952952181656,0.06498997061124649,-0.9359028371430674,6.133307085265383e-07,3.0531133177191805e-16,1.9905942290386978
1.5333333333333292,-1.179791132228749,0.06498997296234722,-0.9350008825400622,5.642641759812106e-07,3.885780586188048e-16,1.979294414233533
1.5374999999999959,-1.1836832177095575,0.06498997512536075,-0.9341005153940155,5.191232471252194e-07,3.608224830031759e-16,1.9609249405802969
1.5416666666666625,-1.187571558257595,0.06498997711533158,-0.9332017315289789,4.775929988848349e-07,3.608224830031759e-16,1.9333690491965074
1.5458333333333292,-1.1914561604525267,0.06498997894610573,-0.932304526783599,4.3938579577518233e-07,3.3306690738754696e-16,1.8943868991247195
1.5499999999999958,-1.1953370308567397,0.06498998063041772,-0.9314088970111324,4.0423487981250394e-07,2.498001805406602e-16,1.841778370421428
1.5541666666666625,-1.1992141760154036,0.0649899821799855,-0.9305148380793264,3.718962666710013e-07,2.7755575615628914e-16,1.7865218777025402
1.5583333333333291,-1.2030876024565302,0.06498998360558766,-0.9296223458703817,3.4214452085401525e-07,3.3306690738754696e-16,1.730535354843231
1.5624999999999958,-1.206957316691034,0.06498998491714014,-0.9287314162808863,3.1477259407330926e-07,1.942890293094024e-16,1.676641533624421
1.5666666666666624,-1.2108233252127911,0.06498998612376984,-0.9278420452217326,2.895911266481699e-07,3.0531133177191805e-16,1.6267367278319695
1.570833333333329,-1.2146856344986998,0.06498998723386924,-0.9269542286180815,2.664238571148392e-07,2.220446049250313e-16,1.582300992439039
1.5749999999999957,-1.2185442510087385,0.06498998825516018,-0.9260679624092931,2.451098245412342e-07,1.6653345369377348e-16,1.5444591300920072
1.5791666666666624,-1.2223991811860255,0.06498998919474756,-0.9251832425488538,2.2550097072276953e-07,1.1102230246251565e-16,1.5140401290527814
1.583333333333329,-1.226250431456877,0.06498999005916813,-0.9243000650043283,2.0746093382789654e-07,2.498001805406602e-16,1.4916305853553973
1.5874999999999957,-1.2300980082308657,0.0649899908544349,-0.9234184257572853,1.9086402307244565e-07,1.6653345369377348e-16,1.477619070867668
1.5916666666666623,-1.2339419179008793,0.06498999158608021,-0.9225383208032577,1.7559487482110558e-07,2.498001805406602e-16,1.4722294740969453
1.595833333333329,-1.2377821668431779,0.06498999225919411,-0.9216597461516431,1.6154733709083935e-07,1.3877787807814457e-16,1.4755421199555674
1.5999999999999956,-1.2416187614174516,0.06498999287845865,-0.9207826978256977,1.4862349103500483e-07,2.498001805406602e-16,1.487501411620026
1.6041666666666623,-1.2454517079668785,0.06498999344818215,-0.9199071718624299,1.3673364137462007e-07,1.6653345369377348e-16,1.5079047953407057
1.608333333333329,-1.2492810128181808,0.06498999397232752,-0.9190331643125672,1.257948876731696e-07,2.220446049250313e-16,1.5363842533973129
1.6124999999999956,-1.2531066822816828,0.06498999445454125,-0.9181606712404844,1.1573129582442832e-07,2.220446049250313e-16,1.5723781588370536
1.6166666666666623,-1.2569287226513666,0.06498999489817803,-0.9172896887241386,1.0647282604192565e-07,2.7755575615628914e-16,1.6150932693451054
1.620833333333329,-1.2607471402049293,0.06498999530632331,-0.9164202128550446,9.795486881347681e-08,2.7755575615628914e-16,1.663459133110527
1.6249999999999956,-1.2645619412038382,0.06498999568181721,-0.915552239738175,9.01185360779877e-08,2.498001805406602e-16,1.716078187729156
1.6291666666666622,-1.268373131893388,0.06498999602727293,-0.9146857654919056,8.290937361654649e-08,2.498001805406602e-16,1.7711760489793198
1.6333333333333289,-1.2721807185027547,0.06498999634509109,-0.9138207862480164,7.627635841001013e-08,1.942890293094024e-16,1.8265578940708358
1.6374999999999955,-1.2759847072450528,0.06498999663748417,-0.9129572981515427,7.017433965861297e-08,2.7755575615628914e-16,1.8795783821114558
1.6416666666666622,-1.2797851043173893,0.06498999690648562,-0.9120952973607963,6.456034839369407e-08,3.3306690738754696e-16,1.91895878507361
1.6458333333333288,-1.2835819159009196,0.06498999715396718,-0.9112347800472582,5.9395575895127006e-08,3.3306690738754696e-16,1.9478898141361536
1.6499999999999955,-1.287375148160901,0.06498999738165065,-0.9103757423955453,5.4644032951300936e-08,3.0531133177191805e-16,1.9680392909363178
1.6541666666666621,-1.2911648072467483,0.06498999759111847,-0.9095181806033629,5.027227756998487e-08,3.608224830031759e-16,1.9814198958086713
1.6583333333333288,-1.2949508992920875,0.06498999778383051,-0.9086620908814059,4.625088827203694e-08,3.608224830031759e-16,1.9898081962811334
1.6624999999999954,-1.29873343041481,0.06498999796112431,-0.907807469453379,4.2550514368910886e-08,3.3306690738754696e-16,1.994707228963996
1.666666666666662,-1.3025124067171259,0.06498999812423528,-0.9069543125558425,3.914663258136608e-08,3.3306690738754696e-16,1.9973256735439118
1.6708333333333287,-1.3062878342856186,0.06498999827429565,-0.9061026164382593,3.601448757967196e-08,3.3306690738754696e-16,1.9985679689988223
1.6749999999999954,-1.310059719191297,0.06498999841235298,-0.9052523773628397,3.313376058938777e-08,3.608224830031759e-16,1.9990308579618354
1.679166666666662,-1.3138280674896494,0.06498999853936537,-0.9044035916045817,3.0482973284451376e-08,2.7755575615628914e-16,1.9990030204587916
1.6833333333333287,-1.317592885220696,0.06498999865621703,-0.9035562554511488,2.8044401786941897e-08,3.3306690738754696e-16,1.9984656219110581
1.6874999999999953,-1.3213541784090412,0.06498999876371993,-0.9027103652028524,2.5800694282429593e-08,3.608224830031759e-16,1.9970931762063895
1.691666666666662,-1.325111953063927,0.06498999886262223,-0.901865917172579,2.3736552820508017e-08,3.3306690738754696e-16,1.9942552977570083
1.6958333333333286,-1.3288662151792843,0.06498999895361343,-0.9010229076857331,2.1837889024878265e-08,3.3306690738754696e-16,1.9890208867107448
1.6999999999999953,-1.3326169707337852,0.06498999903732516,-0.9001813330802136,2.0090814865925122e-08,3.608224830031759e-16,1.9801672258078404
1.704166666666662,-1.336364225690895,0.06498999911433884,-0.8993411897063416,1.8483282668291245e-08,3.3306690738754696e-16,1.9661972487378936
1.7083333333333286,-1.3401079859989233,0.06498999918519134,-0.8985024739267918,1.7004601234049677e-08,3.885780586188048e-16,1.9453691683772252
1.7124999999999952,-1.3438482575910757,0.06498999925037564,-0.8976651821165608,1.564423336708476e-08,3.608224830031759e-16,1.9157433998249327
1.716666666666662,-1.3475850463855046,0.06498999931034576,-0.8968293106629084,1.4392827249465334e-08,3.3306690738754696e-16,1.875252153638401
1.7208333333333286,-1.35131835828536,0.06498999936551868,-0.8959948559653179,1.324150152026693e-08,3.0531133177191805e-16,1.8249556195655505
1.7249999999999952,-1.355048199178841,0.0649899994162774,-0.8951618144354313,1.218209275122284e-08,1.6653345369377348e-16,1.7729825068297358
1.7291666666666619,-1.3587745749392452,0.06498999946297446,-0.8943301824970017,1.120729526543629e-08,8.326672684688674e-17,1.7222749438678844
1.7333333333333285,-1.3624974914250194,0.06498999950593724,-0.8934999565858243,1.0311068075752328e-08,3.608224830031759e-16,1.6748319328453105
1.7374999999999952,-1.36621695447981,0.06498999954546193,-0.8926711331497267,9.485924948315905e-09,2.498001805406602e-16,1.632232604437851
1.7416666666666618,-1.369932969932512,0.06498999958182458,-0.891843708648484,8.727035587241527e-09,2.498001805406602e-16,1.595692260917299
1.7458333333333285,-1.3736455435973194,0.0649899996152789,-0.891017679553773,8.029037844303755e-09,1.942890293094024e-16,1.5661183973693322
1.7499999999999951,-1.377354681273774,0.06498999964605731,-0.8901930423491349,7.386818864918432e-09,2.220446049250313e-16,1.544161924397405
1.7541666666666618,-1.3810603887468154,0.06498999967437247,-0.8893697935299284,6.795637136347565e-09,3.3306690738754696e-16,1.530260268076486
1.7583333333333284,-1.3847626717868289,0.06498999970042257,-0.8885479296032527,6.252026202302474e-09,2.220446049250313e-16,1.5246701425759461
1.762499999999995,-1.3884615361496953,0.06498999972438857,-0.8877274470879242,5.751839740608666e-09,1.1102230246251565e-16,1.5274886293699919
1.7666666666666617,-1.3921569875768387,0.06498999974643693,-0.8869083425144212,5.291608221047461e-09,1.3877787807814457e-16,1.5386613514383205
1.7708333333333284,-1.3958490317952754,0.06498999976672319,-0.8860906124248185,4.868703655513951e-09,3.3306690738754696e-16,1.5579724944895514
1.774999999999995,-1.399537674517662,0.06498999978538507,-0.8852742533727821,4.478850477995788e-09,3.3306690738754696e-16,1.585027242114604
1.7791666666666617,-1.403222921442343,0.06498999980255431,-0.8844592619234711,4.120616403646693e-09,2.7755575615628914e-16,1.6192252309680728
1.7833333333333283,-1.4069047782533994,0.06498999981834917,-0.8836456346535198,3.790767609535006e-09,2.7755575615628914e-16,1.659724686214875
1.787499999999995,-1.410583250620695,0.0649899998328815,-0.8828333681509636,3.48776138525686e-09,2.498001805406602e-16,1.7053996130905953
1.7916666666666616,-1.414258344199925,0.06498999984625174,-0.8820224590152274,3.208857748959737e-09,2.220446049250313e-16,1.7547934454716176
1.7958333333333283,-1.4179300646326627,0.06498999985855239,-0.8812129038570599,2.95215561024742e-09,2.7755575615628914e-16,1.806073768903813
1.799999999999995,-1.4215984175464063,0.06498999986986857,-0.8804046992984784,2.715883309911682e-09,3.3306690738754696e-16,1.8569941232959457
1.8041666666666616,-1.425263408554626,0.06498999988028024,-0.8795978419727314,2.4988024358019167e-09,3.3306690738754696e-16,1.9048703824401994
1.8083333333333282,-1.4289250432568106,0.0649899998898586,-0.8787923285242554,2.2988050144001626e-09,3.608224830031759e-16,1.939501658829278
1.812499999999995,-1.4325833272385131,0.06498999989867002,-0.8779881556086245,2.114740056680109e-09,3.3306690738754696e-16,1.9640823020998803
1.8166666666666615,-1.4362382660713986,0.06498999990677574,-0.8771853198924947,1.9453744379283044e-09,3.0531133177191805e-16,1.9803851233511036
1.8208333333333282,-1.4398898653132883,0.06498999991423465,-0.8763838180535573,1.7901380586216042e-09,3.3306690738754696e-16,1.9904593117141745
1.8249999999999948,-1.4435381305082071,0.06498999992109604,-0.8755836467805327,1.6467321117819012e-09,3.3306690738754696e-16,1.9961001334238089
1.8291666666666615,-1.4471830671864283,0.06498999992740939,-0.8747848027730623,1.5152062035617142e-09,3.608224830031759e-16,1.998817028024684
1.8333333333333282,-1.4508246808645189,0.06498999993321623,-0.8739872827417254,1.3936416257132045e-09,3.3306690738754696e-16,1.999817320442107
1.8374999999999948,-1.4544629770453852,0.06498999993856025,-0.8731910834079322,1.28256363862711e-09,3.885780586188048e-16,1.9999998796468779
1.8416666666666615,-1.4580979612183183,0.06498999994347589,-0.8723962015039406,1.1797526427992366e-09,3.885780586188048e-16,1.9999542351750152
1.845833333333328,-1.4617296388590382,0.06498999994799781,-0.8716026337727748,1.0852619844459177e-09,3.885780586188048e-16,1.9999618572047195
1.8499999999999948,-1.465358015429739,0.0649899999521581,-0.8708103769681693,9.984666496376526e-10,3.608224830031759e-16,1.9999974701985197
1.8541666666666614,-1.468983096379133,0.06498999995598508,-0.8700194278545718,9.184736721179476e-10,3.3306690738754696e-16,1.999729537851081
1.858333333333328,-1.4726048871424957,0.06498999995950663,-0.8692297832070414,8.451735492021051e-10,3.885780586188048e-16,1.9985209059005933
1.8624999999999947,-1.4762233931417093,0.06498999996274629,-0.8684414398112565,7.775164123646761e-10,3.0531133177191805e-16,1.9954313248697446
1.8666666666666614,-1.4798386197853068,0.06498999996572677,-0.8676543944634456,7.153150918814966e-10,3.608224830031759e-16,1.9892241104793387
1.870833333333328,-1.4834505724685165,0.06498999996846856,-0.8668686439703397,6.580291936342242e-10,3.608224830031759e-16,1.9783802428573476
1.8749999999999947,-1.4870592565733047,0.06498999997099124,-0.8660841851491461,6.054424669943437e-10,3.3306690738754696e-16,1.9611241652667155
